10.1002/2014EO25,(2010– 2014); member of the lead advisory panel for the International Pliocene Model Intercomparison,"Eos, Transactions American Geophysical Union","Eos, Transactions, American Geophysical Union Volume 95, Number 25, 24 June 2014",Pliocene Model Intercomparison Project
10.1016/j.tecto.2016.05.036,"D.K., Dolan, A.M., Lunt, D.J., OttoBliesner, B., Chandler, M.A., 2011. Pliocene Model Intercomparison",Tectonophysics,Transition from the Cretaceous ocean to Cenozoic circulation in the western South Atlantic — A twofold reconstruction,Pliocene Model Intercomparison Project
10.1016/j.gloplacha.2017.09.019,simulations. The boundary conditions for the Early Pliocene follow the Pliocene Model Intercomparison,Global and Planetary Change,Tidal dynamics and their influence on the climate system from the Cretaceous to present day,Pliocene Model Intercomparison Project
10.1002/2013GL058872,conﬁgurations of the time slab. Salzmann et al. [2013] ran a simulation under Pliocene Model Intercomparison,Geophysical Research Letters,Can uncertainties in sea ice albedo reconcile patterns of data-model discord for the Pliocene and 20th/21st centuries?,Pliocene Model Intercomparison Project
10.1002/2014PA002774,"Interpretations and Synoptic Mapping(PRISM) [Dowsett et al., 1994] project and the Pliocene Model Intercomparison",Paleoceanography,Modeling oxygen isotopes in the Pliocene: Large-scale features over the land and ocean,Pliocene Model Intercomparison Project
10.1016/j.quascirev.2018.03.008,"Z., 2013. Large-scale features of Pliocene climate: results from the Pliocene model intercomparison",Quaternary Science Reviews,"Pliocene and Pleistocene chronostratigraphy of continental sediments underlying the Altiplano at La Paz, Bolivia",Pliocene Model Intercomparison Project
10.3133/ofr20181148,"Research, Interpretation and Synoptic Mapping project (PRISM) and the Pliocene Model Intercomparison",Open-File Report,PRISM marine sites—The history of PRISM sea surface temperature estimation,Pliocene Model Intercomparison Project
10.1016/j.gloplacha.2015.02.001,"pre-industrial and Pliocene (Bragg et al., 2012) standards used within the Pliocene Model Intercomparison",Global and Planetary Change,Modelling the enigmatic Late Pliocene Glacial Event — Marine Isotope Stage M2,Pliocene Model Intercomparison Project
10.1016/j.marmicro.2017.10.008,"M.A., 2013. Largescale features of Pliocene climate: results from the Pliocene Model Intercomparison",Marine Micropaleontology,"Variability in diatom and silicoflagellate assemblages during mid-Pliocene glacial-interglacial cycles determined in Hole U1361A of IODP Expedition 318, Antarctic Wilkes Land Margin",Pliocene Model Intercomparison Project
10.1002/2016JD025231,"al. (2013), Large-scale features of Pliocene climate: Results from the Pliocene Model Intercomparison",Journal of Geophysical Research: Atmospheres,Monotonic decrease of the zonal SST gradient of the equatorial Pacific as a function of CO 2 concentration in CCSM3 and CCSM4,Pliocene Model Intercomparison Project
10.1016/j.quascirev.2017.04.001,"5e32. Brierley, C.M., 2015. Interannual climate variability seen in the pliocene model intercomparison",Quaternary Science Reviews,Risky business: The impact of climate and climate variability on human population dynamics in Western Europe during the Last Glacial Maximum,Pliocene Model Intercomparison Project
10.1016/j.epsl.2011.12.042,"D.K., Dolan, A.M., Lunt, D.J., OttoBliesner, B., Chandler, M.A., 2011b. Pliocene Model Intercomparison",Earth and Planetary Science Letters,On the causes of mid-Pliocene warmth and polar amplification,Pliocene Model Intercomparison Project
10.1016/j.palaeo.2015.09.022,"G., 2013. Large-scale features of Pliocene climate: results from the Pliocene Model Intercomparison","Palaeogeography, Palaeoclimatology, Palaeoecology","The Slanicul de Buzau section, a unit stratotype for the Romanian stage of the Dacian Basin (Plio-Pleistocene, Eastern Paratethys)",Pliocene Model Intercomparison Project
10.1016/j.palaeo.2013.08.009,"D.J., Robinson, M.M., Rosenbloom, N., Salzmann, U., Sohl, L.E., 2010. Pliocene Model Intercomparison","Palaeogeography, Palaeoclimatology, Palaeoecology",Modelling equable climates of the Late Cretaceous: Can new boundary conditions resolve data–model discrepancies?,Pliocene Model Intercomparison Project
10.1016/j.epsl.2024.118878,Paciﬁc in simulations using midPliocene boundary conditions from the Pliocene Model Intercomparison,Earth and Planetary Science Letters,Impacts of an active Pacific Meridional Overturning Circulation on the Pliocene climate and hydrological cycle,Pliocene Model Intercomparison Project
10.1016/j.epsl.2018.03.030,"H.J., Dolan, A.M., Chandler, M.A., Hunter, S.J., Lunt, D.J., 2016b. The Pliocene Model Intercomparison",Earth and Planetary Science Letters,Using tetraether lipids archived in North Sea Basin sediments to extract North Western European Pliocene continental air temperatures,Pliocene Model Intercomparison Project
10.1016/j.palaeo.2013.05.002,"2004; Lunt et al., 2009a, 2009b). Furthermore, recent results from the Pliocene Model Intercomparison","Palaeogeography, Palaeoclimatology, Palaeoecology",The amplification of Arctic terrestrial surface temperatures by reduced sea-ice extent during the Pliocene,Pliocene Model Intercomparison Project
10.1029/2012EO020002,Simulations of the Mid-Pliocene: Earth’s Last Great Interval of Global Warmth  Pliocene Model Intercomparison,"Eos, Transactions American Geophysical Union",Climate model simulations of the mid-Pliocene: Earth's last great interval of global warmth,Pliocene Model Intercomparison Project
10.1016/j.epsl.2015.05.018,"studies of the Late Pliocene, in particular for the second phase of the Pliocene Model Intercomparison",Earth and Planetary Science Letters,Modelling Greenland ice sheet inception and sustainability during the Late Pliocene,Pliocene Model Intercomparison Project
10.1029/2019GL083802,"warm  period (MPWP, 3.264–3.025 Ma; Dowsett et al., 2010), because the Pliocene Model Intercomparison",Geophysical Research Letters,Pliocene warmth consistent with greenhouse gas forcing,Pliocene Model Intercomparison Project
10.1002/2017MS001056,"al. (2013), Large-scale features of Pliocene climate: Results from the Pliocene Model Intercomparison",Journal of Advances in Modeling Earth Systems,Simulating climate and stable water isotopes during the Last Interglacial using a coupled climate-isotope model,Pliocene Model Intercomparison Project
10.1002/jqs.2842,"10.5194/cp-5-147-2009]. Haywood AM, Dowsett HJ, Otto-Bliesner B et al. 2010 Pliocene Model Intercomparison",Journal of Quaternary Science,What have we learnt from palaeoclimate simulations?,Pliocene Model Intercomparison Project
10.1002/2015PA002860,"A. M. Dolan, D. J. Lunt, B. Otto-Bliesner, and M. A. Chandler (2011), Pliocene Model Intercomparison",Paleoceanography,Export production fluctuations in the eastern equatorial Pacific during the Pliocene-Pleistocene: Reconstruction using barite accumulation rates,Pliocene Model Intercomparison Project
10.1016/j.jsames.2016.03.008,"37e51. Brierley, C.M., 2015. Interannual climate variability seen in the Pliocene model intercomparison",Journal of South American Earth Sciences,Lithology of lacustrine deposits in the Colca Valley,Pliocene Model Intercomparison Project
10.1130/g36999.1,"were 2–3 °C warmer than pre-industrial, and ensemble estimates from the Pliocene Model Intercomparison",Geology,Oxygen isotope mass-balance constraints on Pliocene sea level and East Antarctic Ice Sheet stability,Pliocene Model Intercomparison Project
10.1016/j.palaeo.2016.05.026,"intercomparison project focusing on the middle Miocene, in the same way as the Pliocene Modelling Intercomparison","Palaeogeography, Palaeoclimatology, Palaeoecology",Middle Miocene climate and vegetation models and their validation with proxy data,Pliocene Model Intercomparison Project
10.1029/2008EO490002,"data-model relationship continues and promises to expand. As an example, a Pliocene Model Intercomparison","Eos, Transactions American Geophysical Union",Examining Arctic Ice Shelves Prior to the 2008 Breakup,Pliocene Model Intercomparison Project
10.1016/j.epsl.2023.118020,"NHG. Firstly, our Warm Pliocene simulation was set up according to the Pliocene Modelling Intercomparison",Earth and Planetary Science Letters,Changes in deep Pacific circulation and carbon storage during the Pliocene-Pleistocene transition,Pliocene Model Intercomparison Project
10.1016/j.jseaes.2012.10.009,"D.K., Dolan, A.M., Lunt, D.J., Otto-Bliesner, B., Chandler, M.A., 2011. Pliocene Model Intercomparison",Journal of Asian Earth Sciences,Major changes in East Asian climate in the mid-Pliocene: Triggered by the uplift of the Tibetan Plateau or global cooling?,Pliocene Model Intercomparison Project
10.1016/j.palaeo.2016.07.033,"Z., 2013. Large-scale features of Pliocene climate: results from the Pliocene Model Intercomparison","Palaeogeography, Palaeoclimatology, Palaeoecology",Response of Central European SST to atmospheric pCO2 forcing during the Oligocene – A combined proxy data and numerical climate model approach,Pliocene Model Intercomparison Project
10.1016/j.gloplacha.2017.01.004,"al., 2013. Large-scale features of Pliocene climate: results from the Pliocene Model Intercomparison",Global and Planetary Change,Interplay between dynamic topography and flexure along the U.S. Atlantic passive margin: Insights from landscape evolution modeling,Pliocene Model Intercomparison Project
10.1029/2019GL083574,al. (2013). Large-scale features of Pliocene climate: Results from the Pliocene model intercomparison,Geophysical Research Letters,Climate sensitivity on geological timescales controlled by non‐linear feedbacks and ocean circulation,Pliocene Model Intercomparison Project
10.1002/2017PA003166,Z. (2013). Large-scale features of Pliocene climate: Results from the Pliocene model Intercomparison,Paleoceanography,Mid-Piacenzian Variability of Nordic Seas Surface Circulation Linked to Terrestrial Climatic Change in Norway,Pliocene Model Intercomparison Project
10.1029/2018GL080061,mid-Piacenzian climate have been investigated in the framework of the Pliocene Model Intercomparison,Geophysical Research Letters,Quantifying East Asian Summer Monsoon Dynamics in the ECP4.5 Scenario With Reference to the Mid‐Piacenzian Warm Period,Pliocene Model Intercomparison Project
10.1016/j.gloplacha.2017.02.001,"Z., 2013. Large-scale features of Pliocene climate: results from the Pliocene model intercomparison",Global and Planetary Change,Expanded Florida reef development during the mid-Pliocene warm period,Pliocene Model Intercomparison Project
10.1130/g38796.1,"al., 2013, Large-scale features of Pliocene climate: Results from the Pliocene Model Intercomparison",Geology,El Niño–Southern Oscillation–like variability in a late Miocene Caribbean coral,Pliocene Model Intercomparison Project
10.1029/2008EO490001,"data-model relationship continues and promises to expand. As an example, a Pliocene Model Intercomparison","Eos, Transactions American Geophysical Union",Pliocene Role in Assessing Future Climate Impacts,Pliocene Model Intercomparison Project
10.1029/2018GL079930,"Chandler, M. A., Dolan, A. M., Hill, D. J., Lunt, D. J., et al. (2010). Pliocene Model Intercomparison",Geophysical Research Letters,Global cooling contributed to the establishment of a modern-like East Asian monsoon climate by the early Miocene,Pliocene Model Intercomparison Project
10.1029/2019GL085504,"https://doi.org/10.2113/gsjfr.20.2.117 Brierley, C. M. (2015). Interannual climate variability seen in the Pliocene Model Intercomparison",Geophysical Research Letters,Dampened El Niño in the Early Pliocene Warm Period,Pliocene Model Intercomparison Project
10.1016/j.epsl.2015.05.044,which form the basis of the climate model boundary conditions used in the Pliocene Model Intercomparison,Earth and Planetary Science Letters,The non-analogue nature of Pliocene temperature gradients,Pliocene Model Intercomparison Project
10.1016/j.gloplacha.2017.12.015,experiments were run with HadCM3 based on experimental design from the Pliocene Model Intercomparison,Global and Planetary Change,Regional climate and vegetation response to orbital forcing within the mid-Pliocene Warm Period: A study using HadCM3,Pliocene Model Intercomparison Project
10.1002/2016PA003059,of ENSO behavior. Brierley [2015] considered nine models used in the Pliocene Model Intercomparison,Paleoceanography,Modeling the stable water isotope expression of El Niño in the Pliocene: Implications for the interpretation of proxy data,Pliocene Model Intercomparison Project
10.1111/geb.12333,"D.K., Dolan, A.M., Lunt, D.J., Otto-Bliesner, B. & Chandler, M.A. (2011) Pliocene Model Intercomparison",Global Ecology and Biogeography,Niche breadth and geographic range size as determinants of species survival on geological time scales,Pliocene Model Intercomparison Project
10.1130/b35139.1,"et al., 2013, Largescale features of Pliocene climate: results from the Pliocene Model Intercomparison",GSA Bulletin,"The local Last Glacial Maximum in McMurdo Sound, Antarctica: Implications for ice-sheet behavior in the Ross Sea Embayment",Pliocene Model Intercomparison Project
10.1016/j.epsl.2016.03.010,"and Gladenkov, 1999), yet recent boundary conditions provided for the Pliocene Model Intercomparison",Earth and Planetary Science Letters,"Comparing the impacts of Miocene–Pliocene changes in inter-ocean gateways on climate: Central American Seaway, Bering Strait, and Indonesia",Pliocene Model Intercomparison Project
10.1002/2015PA002806,"modern case, and 405 ppm in the Pliocene simulations as recommended by the Pliocene Model Intercomparison",Paleoceanography,Reductions in mid-latitude upwelling-favorable winds implied by weaker large-scale Pliocene SST gradients,Pliocene Model Intercomparison Project
10.1016/j.palaeo.2011.05.044,"Synoptic Mapping initiative PRISM (Dowsett et al., 2010) and the associated Pliocene Modelling Intercomparison","Palaeogeography, Palaeoclimatology, Palaeoecology",Climate and environment of a Pliocene warm world,Pliocene Model Intercomparison Project
10.1016/j.dynatmoce.2024.101455,forcing is similar to the pre-industrial simulation according to the Pliocene Model Intercomparison,Dynamics of Atmospheres and Oceans,Evaluating the climatic state of Indian Summer Monsoon during the mid-Pliocene period using CMIP6 model simulations,Pliocene Model Intercomparison Project
10.1080/16742834.2019.1526621,(not shown). 2.2 Experimental design Following the guidelines of the Pliocene Model Intercomparison,Atmospheric and Oceanic Science Letters,Potential impacts of enhanced tropical cyclone activity on the El Niño–Southern Oscillation and East Asian monsoon in the mid-Piacenzian warm period,Pliocene Model Intercomparison Project
10.1016/j.gloplacha.2023.104352,"Brady, E.C., von der Heydt, A.S., Baatsen, M.L.J., Lunt, D.J., 2020. The Pliocene model intercomparison",Global and Planetary Change,Influence of plate reference frames on deep-time climate simulations,Pliocene Model Intercomparison Project
10.1016/j.earscirev.2015.02.007,"D.J., Robinson, M.M., Rosenbloom, N., Salzmann, U., Sohl, L.E., 2010. Pliocene Model Intercomparison",Earth-Science Reviews,Mid-Pliocene shorelines of the US Atlantic Coastal Plain — An improved elevation database with comparison to Earth model predictions,Pliocene Model Intercomparison Project
10.1016/j.epsl.2017.03.006,referred to as NHL)  than present-day. Climate models participating in the Pliocene Model Intercomparison,Earth and Planetary Science Letters,Amplified Late Pliocene terrestrial warmth in northern high latitudes from greater radiative forcing and closed Arctic Ocean gateways,Pliocene Model Intercomparison Project
10.1029/2019GL083670,"annual SST at Site U1459 of about 22.8 °C (Reynolds et al., 2002). The Pliocene Model Intercomparison",Geophysical Research Letters,Stepwise Weakening of the Pliocene Leeuwin Current,Pliocene Model Intercomparison Project
10.1016/j.epsl.2018.07.035,"Z., 2013. Large-scale features of Pliocene climate: results from the Pliocene Model Intercomparison",Earth and Planetary Science Letters,The amplifying effect of Indonesian Throughflow heat transport on Late Pliocene Southern Hemisphere climate cooling,Pliocene Model Intercomparison Project
10.1016/j.palaeo.2011.05.004,"D.J., Robinson, M.M., Rosenbloom, N., Salzmann, U., Sohl, L.E., 2009b. Pliocene Model Intercomparison","Palaeogeography, Palaeoclimatology, Palaeoecology",Quantifying Uncertainty in Model Predictions for the Pliocene (Plio-QUMP): Initial results,Pliocene Model Intercomparison Project
10.1002/2017GL074835,CO2 concentration in Plio simulations is ﬁxed at 405 ppm following the Pliocene Model Intercomparison,Geophysical Research Letters,Expanding Greenland Ice Sheet Enhances Sensitivity of Plio-Pleistocene Climate to Obliquity Forcing in the Kiel Climate Model,Pliocene Model Intercomparison Project
10.1002/2016GL071805,Union. All Rights Reserved.  1. Introduction Data reconstructions and Pliocene Model Intercomparison,Geophysical Research Letters,Amplified North Atlantic warming in the late Pliocene by changes in Arctic gateways,Pliocene Model Intercomparison Project
10.1016/j.quascirev.2015.04.015,"Z., 2013. Large-scale features of Pliocene climate: results from the Pliocene Model Intercomparison",Quaternary Science Reviews,The role of CO2 decline for the onset of Northern Hemisphere glaciation,Pliocene Model Intercomparison Project
10.1002/wcc.58,"Dolan AM, Hill DJ, Lunt DJ, Robinson MM, Rosenbloom N, Slazmann U, et al. Pliocene model intercomparison",Wiley Interdisciplinary Reviews: Climate Change,Skill and uncertainty in climate models,Pliocene Model Intercomparison Project
10.1111/geb.13103,Institute) and NorESM-L (Bjerknes Centre for Climate Research) in the Pliocene Model Intercomparison,Global Ecology and Biogeography,A critical evaluation of the Oscillayers methods and datasets,Pliocene Model Intercomparison Project
10.1016/j.palaeo.2018.01.018,"Z., 2013b. Large-scale features of Pliocene climate: results from the Pliocene model Intercomparison","Palaeogeography, Palaeoclimatology, Palaeoecology",The late Pliocene palaeoenvironments and palaeoclimates of the western Iberian Atlantic margin from the Rio Maior flora,Pliocene Model Intercomparison Project
10.1016/j.palaeo.2017.01.024,"http://dx.doi.org/10.1016/j.dsr.2010.04.005. Brierley, C.M., 2015. Interannual climate variability seen in the Pliocene Model Intercomparison","Palaeogeography, Palaeoclimatology, Palaeoecology",Southeastern marginal West Pacific Warm Pool sea-surface and thermocline dynamics during the Pleistocene (2.5–0.5Ma),Pliocene Model Intercomparison Project
10.1002/2014EO250005,(2010– 2014); member of the lead advisory panel for the International Pliocene Model Intercomparison,"Eos, Transactions American Geophysical Union",Every Vote Counts: Final Slate for AGU Elections This Fall,Pliocene Model Intercomparison Project
10.1029/eost2008EO49,"data-­model relationship continues and promises to expand. As an example, a Pliocene Model Intercomparison","Eos, Transactions American Geophysical Union","Eos, Transactions, American Geophysical Union Volume 89, Number 49, 2 December 2008",Pliocene Model Intercomparison Project
10.1016/j.palaeo.2018.11.003,"2014; Yan et al., 2016). Here, Li et al. (2018a) analyze data from the Pliocene Model Intercomparison","Palaeogeography, Palaeoclimatology, Palaeoecology",Cenozoic climate change in eastern Asia: Part II,Pliocene Model Intercomparison Project
10.1002/2017PA003182,Z. (2013). Large-scale features of Pliocene climate: Results from the Pliocene Model Intercomparison,Paleoceanography,Sea-Surface Temperatures in the Eastern Equatorial Pacific and Surface Temperatures in the Eastern Cordillera of Colombia during El Niño: Implications for Pliocene Conditions,Pliocene Model Intercomparison Project
10.1002/2017GL073535,HadCM3 simulations used ﬁxed Pliocene boundary conditions based on the Pliocene Model Intercomparison,Geophysical Research Letters,The Transient Response of Ice Volume to Orbital Forcing During the Warm Late Pliocene,Pliocene Model Intercomparison Project
10.1029/eost2012EO02,Simulations of the Mid-Pliocene: Earth’s Last Great Interval of Global Warmth  Pliocene Model Intercomparison,"Eos, Transactions American Geophysical Union","Eos, Transactions, American Geophysical Union Volume 93, Number 2, 10 January 2012",Pliocene Model Intercomparison Project
10.1016/j.quascirev.2014.05.007,"Z., 2013. Large-scale features of Pliocene climate: results from the Pliocene model intercomparison",Quaternary Science Reviews,"East Antarctic deglaciation and the link to global cooling during the Quaternary: evidence from glacial geomorphology and 10Be surface exposure dating of the Sør Rondane Mountains, Dronning Maud Land",Pliocene Model Intercomparison Project
10.1016/j.gloplacha.2023.104088,"Z., 2013. Large-scale features of Pliocene climate: results from the Pliocene Model Intercomparison",Global and Planetary Change,Hydroclimate dynamics during the Plio-Pleistocene transition in the northwest Pacific realm,Pliocene Model Intercomparison Project
10.1016/j.gloplacha.2018.02.009,"D.K., Dolan, A.M., Lunt, D.J., OttoBliesner, B., Chandler, M.A., 2011. Pliocene model intercomparison",Global and Planetary Change,Multiple states in the late Eocene ocean circulation,Pliocene Model Intercomparison Project
10.1016/j.palwor.2017.08.001,"D.J., Robinson, M.M., Rosenbloom, N., Salzmann, U., Sohl, L.E., 2010. Pliocene Model Intercomparison",Palaeoworld,"Miocene mammalian faunas from Wushan, China and their evolutionary, biochronological, and biogeographic significances",Pliocene Model Intercomparison Project
10.1016/j.epsl.2017.09.014,"Z., 2013. Large-scale features of Pliocene climate: results from the Pliocene Model Intercomparison",Earth and Planetary Science Letters,Cosmogenic nuclides constrain surface fluctuations of an East Antarctic outlet glacier since the Pliocene,Pliocene Model Intercomparison Project
10.1016/j.gloplacha.2024.104568,"Springer. Haywood, A.M., Tindall, J., Dowsett, H.J., et al., 2020. The Pliocene Model Intercomparison",Global and Planetary Change,The future extent of the Anthropocene epoch: A synthesis,Pliocene Model Intercomparison Project
10.1016/j.palaeo.2016.07.025,"Z., 2013b. Large-scale features of Pliocene climate: results from the Pliocene model intercomparison","Palaeogeography, Palaeoclimatology, Palaeoecology",New insights into the early Pliocene hydrographic dynamics and their relationship to the climatic evolution of the Mediterranean Sea,Pliocene Model Intercomparison Project
10.1029/2019GL083729,"M., Rowley, D., Abe‐Ouchi, A., Otto‐Bliesner, B., et al. (2016). The Pliocene Model Intercomparison",Geophysical Research Letters,Vegetation Pattern and Terrestrial Carbon Variation in Past Warm and Cold Climates,Pliocene Model Intercomparison Project
10.1002/2015GL065276,"al. (2013), Large-scale features of Pliocene climate: Results from the Pliocene Model Intercomparison",Geophysical Research Letters,Response of Atlantic overturning to future warming in a coupled atmosphere-ocean-ice sheet model,Pliocene Model Intercomparison Project
10.1002/2015PA002780,"million years ago, Nature, 433(7028), 821–825. Haywood, A., et al. (2010), Pliocene model intercomparison",Paleoceanography,Impact of global SST gradients on the Mediterranean runoff changes across the Plio-Pleistocene transition,Pliocene Model Intercomparison Project
10.1016/j.palaeo.2018.01.042,"Chandler, M.A., Hunter, S.J., Lunt, D.J., Pound, M., Salzmann, U., 2016. The Pliocene Model Intercomparison","Palaeogeography, Palaeoclimatology, Palaeoecology","High-diversity European palaeoflora favoured by early Pliocene warmth: New chronological constraints from the Ca′ Viettone section, NW Italy",Pliocene Model Intercomparison Project
10.1016/j.geobios.2017.10.002,"D.J., Robinson, M.M., Rosenbloom, N., Salzmann, U., Sohl, L.E., 2010. Pliocene Model Intercomparison",Geobios,Miocene “fin-winged” fruits and Pliocene drift fruits – the first record of Combretaceae (Terminalia) from New Zealand,Pliocene Model Intercomparison Project
10.1002/2017GL072584,"102(D6), 6831–6864, doi:10.1029/ 96JD03436. Haywood, A. M., et al. (2010), Pliocene Model Intercomparison",Geophysical Research Letters,Testing the sensitivity of past climates to the indirect effects of dust,Pliocene Model Intercomparison Project
10.1016/j.earscirev.2023.104464,"Dolan, A.M., Foley, K.M., Hunter, S.J., Lunt, D.J., 2020, November. The Pliocene Model Intercomparison",Earth-Science Reviews,The role of paleogeography in Asian monsoon evolution: a review and new insights from climate modelling,Pliocene Model Intercomparison Project
10.1016/j.gca.2022.02.017,Z. (2013) Large-scale features of Pliocene climate: Results from the Pliocene Model Intercomparison,Geochimica et Cosmochimica Acta,Reading the climate signals hidden in bauxite,Pliocene Model Intercomparison Project
10.1016/j.epsl.2016.01.022,"al., 2013. Large-scale features of Pliocene climate: results from the Pliocene model intercomparison",Earth and Planetary Science Letters,CO2 over the past 5 million years: Continuous simulation and new δ11B-based proxy data,Pliocene Model Intercomparison Project
10.1002/2016PA002996,"al. (2013), Large-scale features of Pliocene climate: Results from the Pliocene Model Intercomparison",Paleoceanography,The effect of changes in surface winds and ocean stratification on coastal upwelling and sea surface temperatures in the Pliocene,Pliocene Model Intercomparison Project
10.1016/j.earscirev.2014.04.003,"Synoptic Mapping (PRISM) initiative (e.g. Dowsett et al., 2010) and the Pliocene Model Intercomparison",Earth-Science Reviews,A global synthesis of the marine and terrestrial evidence for glaciation during the Pliocene Epoch,Pliocene Model Intercomparison Project
10.1016/j.palaeo.2018.06.027,"(GLMP), and GLMP intensity (GLMPI) using all available model data from the Pliocene Model Intercomparison","Palaeogeography, Palaeoclimatology, Palaeoecology",Mid-Pliocene global land monsoon from PlioMIP1 simulations,Pliocene Model Intercomparison Project
10.1080/01916122.2014.940471,Zhang Z. 2013. Large-scale features of Pliocene climate: results from the Pliocene Model Intercomparison,Palynology,"Palynological evidence for a warmer boreal climate in the Late Pliocene of the Yukon Territory, Canada",Pliocene Model Intercomparison Project
10.1002/2013GL058773,"Planet Sci. Lett., 218(3–4), 363–377. Haywood, A. M., et al. (2010), Pliocene Model Intercomparison",Geophysical Research Letters,Strong chemistry-climate feedbacks in the Pliocene,Pliocene Model Intercomparison Project
10.1016/j.quascirev.2016.11.003,"Z., 2013. Large-scale  features of Pliocene climate: results from the Pliocene model intercomparison",Quaternary Science Reviews,Pliocene–Early Pleistocene climatic trends in the Italian Peninsula based on stable oxygen and carbon isotope compositions of rhinoceros and gomphothere tooth enamel,Pliocene Model Intercomparison Project
10.1016/j.palaeo.2015.01.009,"Z., 2012. Large-scale features of Pliocene climate: results from the Pliocene Model Intercomparison","Palaeogeography, Palaeoclimatology, Palaeoecology",Repeated advance and retreat of the East Antarctic Ice Sheet on the continental shelf during the early Pliocene warm period,Pliocene Model Intercomparison Project
10.1016/j.palaeo.2017.03.020,"Z., 2013. Large-scale features of Pliocene climate: results from the Pliocene Model Intercomparison","Palaeogeography, Palaeoclimatology, Palaeoecology",Inter-annual climate variability in Europe during the Oligocene icehouse,Pliocene Model Intercomparison Project
10.1016/j.earscirev.2023.104664,"al., 2013. Large-scale features of Pliocene climate: results from the Pliocene Model Intercomparison",Earth-Science Reviews,The past to unravel the future: Deoxygenation events in the geological archive and the anthropocene oxygen crisis,Pliocene Model Intercomparison Project
10.1016/j.gloplacha.2017.12.022,"Z., 2013. Large-scale features of Pliocene climate: results from the Pliocene model intercomparison",Global and Planetary Change,"Orbital, tectonic and oceanographic controls on Pliocene climate and atmospheric circulation in Arctic Norway",Pliocene Model Intercomparison Project
10.1029/2019RG000678,"considerable uncertainty regarding all GHG concentrations. PlioMIP, the Pliocene Model Intercomparison",Reviews of Geophysics,An assessment of Earth's climate sensitivity using multiple lines of evidence,Pliocene Model Intercomparison Project
10.1016/j.palaeo.2011.04.003,"D.J., Robinson, M.M., Rosenbloom, N., Salzmann, U., Sohl, L.E., 2010. Pliocene model intercomparison","Palaeogeography, Palaeoclimatology, Palaeoecology",Pliocene climate variability: Northern Annular Mode in models and tree-ring data,Pliocene Model Intercomparison Project
10.1029/2019GL083960,"contrast, the majority of Earth system models (ESMs) that participated in the Pliocene Model Intercomparison",Geophysical Research Letters,Contributions of aerosol‐cloud interactions to mid‐Piacenzian seasonally sea ice‐free Arctic Ocean,Pliocene Model Intercomparison Project
10.1016/j.epsl.2016.02.036,that the mid-Pliocene Arctic sea ice cover was seasonal in nature. The Pliocene Modelling Intercomparison,Earth and Planetary Science Letters,"Sensitivity of Pliocene Arctic climate to orbital forcing, atmospheric CO2 and sea ice albedo parameterisation",Pliocene Model Intercomparison Project
10.1016/j.earscirev.2017.11.022,"al., 2013, Large-scale features of Pliocene climate: results from the Pliocene Model Intercomparison",Earth-Science Reviews,The accuracy of mid-Pliocene δ18O-based ice volume and sea level reconstructions,Pliocene Model Intercomparison Project
10.1016/j.gloplacha.2024.104531,"Brady, E.C., von der Heydt, A.S., Baatsen, M.L.J., Lunt, D.J., 2020. The Pliocene Model Intercomparison",Global and Planetary Change,Temperature modulation of Northern Mid-Latitude Westerly winds intensity and displacement across the warm Pliocene,Pliocene Model Intercomparison Project
10.1016/j.epsl.2017.05.019,"D.K., Dolan, A.M., Lunt, D.J., Otto-Bliesner, B., Chandler, M.A., 2011. Pliocene Model Intercomparison",Earth and Planetary Science Letters,Continental climate gradients in North America and Western Eurasia before and after the closure of the Central American Seaway,Pliocene Model Intercomparison Project
10.1002/2013GC004940,been the focus of many paleoclimate modeling studies in the frame of the Pliocene Model Intercomparison,"Geochemistry, Geophysics, Geosystems",The late Pliocene Benguela upwelling status revisited by means of multiple temperature proxies,Pliocene Model Intercomparison Project
10.1029/2018JF004745,(2013). Large-scale features of the Pliocene climate: Results from the Pliocene Model Intercomparison,Journal of Geophysical Research: Earth Surface,Estimating Modern Elevations of Pliocene Shorelines Using a Coupled Ice Sheet-Earth-Sea Level Model,Pliocene Model Intercomparison Project
10.1016/j.gloplacha.2023.104316,Planetary Change journal homepage: www.elsevier.com/locate/gloplacha  Pliocene Model Intercomparison,Global and Planetary Change,Pliocene Model Intercomparison Project Phase 3 (PlioMIP3) – Science plan and experimental design,Pliocene Model Intercomparison Project
10.1016/j.marmicro.2011.06.006,"D.J., Robinson, M.M., Rosenbloom, N., Salzmann, U., Sohl, L.E., 2010. Pliocene Model Intercomparison",Marine Micropaleontology,Shifts in North Atlantic planktic foraminifer biogeography and subtropical gyre circulation during the mid-Piacenzian warm period,Pliocene Model Intercomparison Project
10.1029/2019MS002033,with the same boundary and forcing conditions following the protocol of Pliocene Model Intercomparison,Journal of Advances in Modeling Earth Systems,Increased Climate Response and Earth System Sensitivity from CCSM4 to CESM2 in mid‐Pliocene simulations,Pliocene Model Intercomparison Project
10.1002/2015JD023900,Over Antarctica in the Mid-Piacenzian According to the guidelines of the Pliocene Model Intercomparison,Journal of Geophysical Research: Atmospheres,Investigating uncertainty in the simulation of the Antarctic ice sheet during the mid-Piacenzian,Pliocene Model Intercomparison Project
10.1017/pab.2014.19,"A. M. Dolan, D. J. Lunt, B. Otto-Bliesner, and M. A. Chandler. 2011. Pliocene Model Intercomparison",Paleobiology,PaleoENM: applying ecological niche modeling to the fossil record,Pliocene Model Intercomparison Project
10.1029/2018JD028995,"of the summer monsoon rainbelt, was analyzed using the output of the Pliocene Model Intercomparison",Journal of Geophysical Research: Atmospheres,Northwestward migration of the northern edge of the East Asian summer monsoon during the mid-Pliocene warm period: Simulations and reconstructions,Pliocene Model Intercomparison Project
10.1016/j.jseaes.2017.10.020,"Z., 2013. Large-scale features of Pliocene climate: results from the Pliocene Model Intercomparison",Journal of Asian Earth Sciences,"A strengthened East Asian Summer Monsoon during Pliocene warmth: Evidence from ‘red clay’ sediments at Pianguan, northern China",Pliocene Model Intercomparison Project
10.1016/j.earscirev.2017.11.018,"A., 2013. Large-scale features of Pliocene climate: results from the Pliocene Model Intercomparison",Earth-Science Reviews,The relationship between Neogene dinoflagellate cysts and global climate dynamics,Pliocene Model Intercomparison Project
10.1016/j.epsl.2014.05.030,"D.J., Robinson, M.M., Rosenbloom, N., Salzmann, U., Sohl, L.E., 2010. Pliocene Model Intercomparison",Earth and Planetary Science Letters,Assessing orbitally-forced interglacial climate variability during the mid-Pliocene Warm Period,Pliocene Model Intercomparison Project
10.1016/j.palaeo.2011.03.030,"dependency of the ice sheet reconstructions. To this end, as part of PlioMIP (Pliocene Modelling Intercomparison","Palaeogeography, Palaeoclimatology, Palaeoecology",Sensitivity of Pliocene ice sheets to orbital forcing,Pliocene Model Intercomparison Project
10.1016/j.palaeo.2011.03.016,models. The Palaeoclimate Modeling Intercomparison Project (PMIP) and Pliocene Model Intercomparison,"Palaeogeography, Palaeoclimatology, Palaeoecology",Sea surface temperatures of the mid-Piacenzian Warm Period: A comparison of PRISM3 and HadCM3,Pliocene Model Intercomparison Project
10.1002/2016PA002951,that of Brierley [2015] which looked at the nine models that made up the Pliocene Model Intercomparison,Paleoceanography,Accounting for Centennial Scale Variability when Detecting Changes in ENSO: a study of the Pliocene.,Pliocene Model Intercomparison Project
10.1002/2014GL059770,are implemented into the GCM following the methods established for the Pliocene Model Intercomparison,Geophysical Research Letters,Impact of reduced Arctic sea ice on Greenland ice sheet variability in a warmer than present climate,Pliocene Model Intercomparison Project
10.1002/2014PA002752,with a qualiﬁed yes. Haywood et al. [2013] describe results from the Pliocene Model Intercomparison,Paleoceanography,Growth of the Maritime Continent and its possible contribution to recurring Ice Ages,Pliocene Model Intercomparison Project
10.1016/j.epsl.2016.04.024,"data (Robinson, 2009) than in most of the models that were used in the Pliocene Model Intercomparison",Earth and Planetary Science Letters,Sea surface temperature variability in the Norwegian Sea during the late Pliocene linked to subpolar gyre strength and radiative forcing,Pliocene Model Intercomparison Project
10.1002/2016PA003055,"al. (2013), Large-scale features of Pliocene climate: Results from the Pliocene model Intercomparison",Paleoceanography,Late Cretaceous climate simulations with different CO 2 levels and subarctic gateway configurations: A model-data comparison,Pliocene Model Intercomparison Project
10.1016/j.palaeo.2015.09.019,"Z., 2013. Large-scale features of Pliocene climate: results from the Pliocene Model Intercomparison","Palaeogeography, Palaeoclimatology, Palaeoecology","Pliocene and Early Pleistocene paleoenvironmental conditions in the Pannonian Basin (Hungary, Slovakia): Stable isotope analyses of fossil proboscidean and perissodactyl teeth",Pliocene Model Intercomparison Project
10.1130/g36927.1,"Eagle, R.A., 2009,  Z.P., and Yan, Q., 2015, Mid-Pliocene westerlies from PlioMIP simulations: Advances in Atmo-  jCoorucplilminagteoftraCnOsi2tiaonnds  Ice",Geology,A contourite drift system on the Baffin Bay–West Greenland margin linking Pliocene Arctic warming to poleward ocean circulation,PlioMIP
10.1016/j.tecto.2016.05.036,"OttoBliesner, B., Chandler, M.A., 2011. Pliocene Model Intercomparison Project (PlioMIP): experimental design and boundary conditions (experiment 2).",Tectonophysics,Transition from the Cretaceous ocean to Cenozoic circulation in the western South Atlantic — A twofold reconstruction,PlioMIP
10.1016/j.gloplacha.2024.104527,"Z., Zhang, R., Tian, Z., Yan, Q., 2015. Mid-Pliocene westerlies from PlioMIP simulations. Adv. Atmos. Sci. 32 (7), 909–923. Li, X., Jiang,",Global and Planetary Change,Contourite-like deposits suggest stronger-than-present circulation in the Plio-Pleistocene Red Sea,PlioMIP
10.1016/j.gloplacha.2017.09.019,"the Early Pliocene follow the Pliocene Model Intercomparison Project (PlioMIP, Haywood et al., 2010). An atmospheric CO2 concentration of",Global and Planetary Change,Tidal dynamics and their influence on the climate system from the Cretaceous to present day,PlioMIP
10.1002/2013GL058872,"Otto-Bliesner, and M. A. Chandler (2011), Pliocene Model Intercomparison Project (PlioMIP): Experimental design and boundary conditions (experiment 2),",Geophysical Research Letters,Can uncertainties in sea ice albedo reconcile patterns of data-model discord for the Pliocene and 20th/21st centuries?,PlioMIP
10.1002/2014PA002774,"et al., 1994] project and the Pliocene Model Intercomparison Project (PlioMIP) [Haywood et al., 2010, 2011]. PRISM has synthesized geological",Paleoceanography,Modeling oxygen isotopes in the Pliocene: Large-scale features over the land and ocean,PlioMIP
10.1016/j.palaeo.2013.09.019,Table 1.  Most of the GCM boundary conditions used here conform with the PlioMIP protocol (http://geology.er.usgs.gov/eespteam/prism/prism_ pliomip.html),"Palaeogeography, Palaeoclimatology, Palaeoecology",Mountain building and the initiation of the Greenland Ice Sheet,PlioMIP
10.3133/ofr20181148,"Salzmann, U., and Sohl, L.E., 2010, Pliocene Model Intercomparison Project (PlioMIP)—Experimental design and boundary conditions (Experiment 1):",Open-File Report,PRISM marine sites—The history of PRISM sea surface temperature estimation,PlioMIP
10.1016/j.gloplacha.2015.02.001,"2012) standards used within the Pliocene Model Intercomparison Project (PlioMIP; Haywood et al., 2011). The Pliocene control (PlioceneCtrl)",Global and Planetary Change,Modelling the enigmatic Late Pliocene Glacial Event — Marine Isotope Stage M2,PlioMIP
10.1002/2016JD025231,"Pound, and U. Salzmann (2016), The Pliocene Model Intercomparison Project (PlioMIP) Phase 2: Scientiﬁc objectives and experimental design, Clim.",Journal of Geophysical Research: Atmospheres,Monotonic decrease of the zonal SST gradient of the equatorial Pacific as a function of CO 2 concentration in CCSM3 and CCSM4,PlioMIP
10.1016/j.epsl.2011.12.042,"(Braconnot et al., 2007). The model will also be used in the forthcoming PlioMIP project (Haywood et al., 2010, 2011b).  2.2. Boundary conditions The",Earth and Planetary Science Letters,On the causes of mid-Pliocene warmth and polar amplification,PlioMIP
10.1016/j.palaeo.2013.08.009,"those conducted for the Eocene (EoMIP; Lunt et al. (2012)) and Pliocene (PlioMIP; Haywood et al. (2010, 2011)). Through the evaluation of independent","Palaeogeography, Palaeoclimatology, Palaeoecology",Modelling equable climates of the Late Cretaceous: Can new boundary conditions resolve data–model discrepancies?,PlioMIP
10.1016/j.epsl.2024.118878,"al., 2017), but overall there is still no consensus on its strength. PlioMIP models typically simulate an AMOC of similar or greater strength",Earth and Planetary Science Letters,Impacts of an active Pacific Meridional Overturning Circulation on the Pliocene climate and hydrological cycle,PlioMIP
10.1016/j.epsl.2018.03.030,"S.J., Lunt, D.J., 2016b. The Pliocene Model Intercomparison Project (PlioMIP) Phase 2: scientiﬁc objectives and experimental design. Clim.",Earth and Planetary Science Letters,Using tetraether lipids archived in North Sea Basin sediments to extract North Western European Pliocene continental air temperatures,PlioMIP
10.1016/j.epsl.2017.10.011,"N.A., Stepanek, C., Zhang, Z., 2016b. Arctic sea ice simulation in the PlioMIP ensemble. Clim. Past 12, 749–767. http://dx.doi.org/10.5194/cp-12-749-2016. Huang,",Earth and Planetary Science Letters,Seasonal sea ice cover during the warm Pliocene: Evidence from the Iceland Sea (ODP Site 907),PlioMIP
10.1016/j.palaeo.2013.05.002,"Salzmann, U., Sohl, L.E., 2010. Pliocene Model Intercomparison Project (PlioMIP): experimental design and boundary conditions (Experiment 1).","Palaeogeography, Palaeoclimatology, Palaeoecology",The amplification of Arctic terrestrial surface temperatures by reduced sea-ice extent during the Pliocene,PlioMIP
10.1029/2012EO020002,"2–4 August 2011  PAGE 18 The Pliocene Model Intercomparison Project (PlioMIP), supported by the U.S. Geological Survey’s (USGS) Pliocene","Eos, Transactions American Geophysical Union",Climate model simulations of the mid-Pliocene: Earth's last great interval of global warmth,PlioMIP
10.1016/j.epsl.2015.05.018,"particular for the second phase of the Pliocene Model Intercomparison Project (PlioMIP), which will focus on a narrower time slice (Haywood et al.,",Earth and Planetary Science Letters,Modelling Greenland ice sheet inception and sustainability during the Late Pliocene,PlioMIP
10.1029/2019GL083802,proxy-inferred anomalies compare favorably with simulations of MPWP climate from PlioMIP and CESM1 (Figure 2). The majority of the models predict warm,Geophysical Research Letters,Pliocene warmth consistent with greenhouse gas forcing,PlioMIP
10.1002/jqs.2842,"HJ, Otto-Bliesner B et al. 2010 Pliocene Model Intercomparison Project (PlioMIP): experimental design and boundary conditions (Experiment 1).",Journal of Quaternary Science,What have we learnt from palaeoclimate simulations?,PlioMIP
10.1016/j.geomorph.2023.108778,"Stepanek, C., Ueda, H., Yan, Q., Zhang, Z., 2015. Using results from the PlioMIP ensemble to investigate the Greenland Ice Sheet during the mid-Pliocene",Geomorphology,Patterns of valley incision beneath the Greenland Ice Sheet revealed using automated mapping and classification,PlioMIP
10.1002/2015PA002860,"Otto-Bliesner, and M. A. Chandler (2011), Pliocene Model Intercomparison Project (PlioMIP): Experimental design and boundary conditions (experiment 2),",Paleoceanography,Export production fluctuations in the eastern equatorial Pacific during the Pliocene-Pleistocene: Reconstruction using barite accumulation rates,PlioMIP
10.1130/g36999.1,"and ensemble estimates from the Pliocene Model Intercomparison Project (PlioMIP) experiments indicate higher Antarctic temperatures, ranging",Geology,Oxygen isotope mass-balance constraints on Pliocene sea level and East Antarctic Ice Sheet stability,PlioMIP
10.1016/j.palaeo.2016.05.026,"Miocene, in the same way as the Pliocene Modelling Intercomparison Project (PlioMIP) (Haywood et al., 2010). Nevertheless, the model–data comparison","Palaeogeography, Palaeoclimatology, Palaeoecology",Middle Miocene climate and vegetation models and their validation with proxy data,PlioMIP
10.1016/j.epsl.2023.118020,"Sensitivity of mid-Pliocene climate to changes in orbital forcing and PlioMIP’s boundary conditions. Clim. Past 16 (4), 1643–1665. https://doi.org/10.5194/cp-16-1643-2020. Shackleton,",Earth and Planetary Science Letters,Changes in deep Pacific circulation and carbon storage during the Pliocene-Pleistocene transition,PlioMIP
10.1016/j.jseaes.2012.10.009,"low-resolution version of the Norwegian Earth System Model (NorESM-L), within the PlioMIP framework (Haywood et al., 2011). In this simulation, the pre-industrial",Journal of Asian Earth Sciences,Major changes in East Asian climate in the mid-Pliocene: Triggered by the uplift of the Tibetan Plateau or global cooling?,PlioMIP
10.1016/j.palaeo.2016.07.033,"Haywood et al., 2013) as compared to several other models participating in PlioMip (Haywood et al., 2013). The large-scale response of the Earth","Palaeogeography, Palaeoclimatology, Palaeoecology",Response of Central European SST to atmospheric pCO2 forcing during the Oligocene – A combined proxy data and numerical climate model approach,PlioMIP
10.1029/2019MS001940,"Salzmann, U. (2016). The Pliocene Model Intercomparison 774 Project (PlioMIP) phase 2: scientiﬁc objectives and experimental design. Clim.",Journal of Advances in Modeling Earth Systems,Implementation of the CMIP6 forcing data in the IPSL-CM6A-LR model,PlioMIP
10.1029/2018GL080061,"M., Lunt, D. J., et al. (2011). Pliocene model Intercomparison project (PlioMIP): Experimental design and boundary conditions (experiment 2).",Geophysical Research Letters,Quantifying East Asian Summer Monsoon Dynamics in the ECP4.5 Scenario With Reference to the Mid‐Piacenzian Warm Period,PlioMIP
10.1029/2018GL079930,"J., Lunt, D. J., et al. (2010). Pliocene Model Intercomparison Project (PlioMIP): Experimental design and boundary conditions (Experiment 1).",Geophysical Research Letters,Global cooling contributed to the establishment of a modern-like East Asian monsoon climate by the early Miocene,PlioMIP
10.14379/iodp.proc.361.105.2017,"Ueda, H., 2013. Mid-Pliocene East Asian monsoon climate simulated in the PlioMIP. Climate of the Past, 9(5):2085–2099. http://dx.doi.org/10.5194/cp-9-2085-2013  IODP",Proceedings of the International Ocean Discovery Program,Site U1476,PlioMIP
10.1002/joc.6014,"Abeouchi, A. and Rosenbloom, N. A. (2016) Arctic sea ice simulation in the PlioMIP ensemble. Climate of the Past, 12, 749–767. https://doi.org/10.5194/cp-12-749-2016. Ji,",International Journal of Climatology,Quantifying the developed and developing worlds’ carbon reduction contributions to Northern Hemisphere cryosphere change,PlioMIP
10.1029/2019GL085504,"Fedorov, 2014; Manucharyan & Fedorov, 2014). Modeling efforts, including the PlioMIP model intercomparison, focus on the mid‐Pliocene PRISM interval",Geophysical Research Letters,Dampened El Niño in the Early Pliocene Warm Period,PlioMIP
10.1016/j.epsl.2015.05.044,"boundary conditions used in the Pliocene Model Intercomparison Project (PlioMIP), include few non-analogue changes (those that would not be",Earth and Planetary Science Letters,The non-analogue nature of Pliocene temperature gradients,PlioMIP
10.1016/j.gloplacha.2017.12.015,"experimental design from the Pliocene Model Intercomparison Project (PlioMIP) (Bragg et al., 2012; Haywood et al., 2010), using PRISM3 boundary",Global and Planetary Change,Regional climate and vegetation response to orbital forcing within the mid-Pliocene Warm Period: A study using HadCM3,PlioMIP
10.1002/2016PA003059,"considered nine models used in the Pliocene Model Intercomparison Project (PlioMIP), none of the models showed a permanent El Niño, and there was",Paleoceanography,Modeling the stable water isotope expression of El Niño in the Pliocene: Implications for the interpretation of proxy data,PlioMIP
10.1111/geb.12333,"climate model (GCM) (Gordon et al., 2000) using the alternative PRISM3D PlioMIP dataset for the mPWP (∼3.264–3.025 Ma) (Haywood et al., 2011).",Global Ecology and Biogeography,Niche breadth and geographic range size as determinants of species survival on geological time scales,PlioMIP
10.1016/j.gloplacha.2012.05.018,"intercomparison project aimed at resolving these issues is underway (PLISMIP/PlioMIP, http://geology.er. usgs.gov/eespteam/prism/prism_pliomip.html). These",Global and Planetary Change,Reprint of: Modeling Antarctic ice sheet and climate variations during Marine Isotope Stage 31,PlioMIP
10.1016/j.epsl.2016.03.010,"(Maier Reimer et al., 1990). The Pliocene Model Intercomparison Project (PlioMIP) provides global land-sea mask reconstructions for the period",Earth and Planetary Science Letters,"Comparing the impacts of Miocene–Pliocene changes in inter-ocean gateways on climate: Central American Seaway, Bering Strait, and Indonesia",PlioMIP
10.1002/2015PA002806,"coastal SST in coupled simulations of the Pliocene. For example, the PlioMIP CCSM4 used horizontal model grid spacing of roughly 1∘ [Rosenbloom",Paleoceanography,Reductions in mid-latitude upwelling-favorable winds implied by weaker large-scale Pliocene SST gradients,PlioMIP
10.1016/j.palaeo.2011.05.044,"2010) and the associated Pliocene Modelling Intercomparison Project (PlioMIP), a collaborative data analysis and climate modelling effort","Palaeogeography, Palaeoclimatology, Palaeoecology",Climate and environment of a Pliocene warm world,PlioMIP
10.1016/j.dynatmoce.2024.101455,"Salzmann, U., Sohl, L.E., 2010. Pliocene model intercomparison project (PlioMIP): experimental design and boundary conditions (experiment 1).",Dynamics of Atmospheres and Oceans,Evaluating the climatic state of Indian Summer Monsoon during the mid-Pliocene period using CMIP6 model simulations,PlioMIP
10.1016/j.orggeochem.2015.04.009,Articles / Organic Geochemistry xxx (2015) xxx–xxx Arctic sea ice in the PlioMIP ensemble: Is model performance for modern climates a reliable,Organic Geochemistry,Geochemistry Articles – April 2015,PlioMIP
10.1080/16742834.2019.1526621,"design Following the guidelines of the Pliocene Model Intercomparison Project (PlioMIP) (Haywood et al. 2011), we design a pre-industrial experiment",Atmospheric and Oceanic Science Letters,Potential impacts of enhanced tropical cyclone activity on the El Niño–Southern Oscillation and East Asian monsoon in the mid-Piacenzian warm period,PlioMIP
10.1016/j.earscirev.2015.02.007,"2012. Mid-Pliocene climate modelled using the UK Hadley Centre Model: PlioMIP Experiments 1 and 2. Geosci. Model Dev. 5, 1109–1125. Colman,",Earth-Science Reviews,Mid-Pliocene shorelines of the US Atlantic Coastal Plain — An improved elevation database with comparison to Earth model predictions,PlioMIP
10.1016/j.epsl.2017.04.050,"in our study is the IPSL-CM5A Pliocene standard experiment (named as “PlioMIP”, Contoux et al., 2012). “PlioMIP” boundary",Earth and Planetary Science Letters,Exploring the MIS M2 glaciation occurring during a warm and high atmospheric CO2 Pliocene background climate,PlioMIP
10.1016/j.epsl.2017.03.006,"climate models to alter the land/sea mask. During the second phase of PlioMIP (PlioMIP2), two ocean gateway changes around the Arctic are",Earth and Planetary Science Letters,Amplified Late Pliocene terrestrial warmth in northern high latitudes from greater radiative forcing and closed Arctic Ocean gateways,PlioMIP
10.1029/2019GL083670,"M., Dolan, A. M., & Tindall, J. C. (2019). The HadCM3 contribution to PlioMIP Phase 2 Part 1: Core and Tier 1 experiments. Climate of the",Geophysical Research Letters,Stepwise Weakening of the Pliocene Leeuwin Current,PlioMIP
10.1016/j.gloplacha.2021.103707,"the Qaidam Basin is in good agreement with regional esti­ mates from PlioMIP modelling studies (Li et al., 2018a). An asymmetric ice-sheet",Global and Planetary Change,Controls of precipitation and vegetation variability on the NE Tibetan Plateau during the late Pliocene warmth (~3.5–3.0 Ma),PlioMIP
10.1016/j.palaeo.2011.05.004,"Salzmann, U., Sohl, L.E., 2009b. Pliocene Model Intercomparison Project PlioMIP: experimental design and boundary conditions experiment 1. Geoscientiﬁc","Palaeogeography, Palaeoclimatology, Palaeoecology",Quantifying Uncertainty in Model Predictions for the Pliocene (Plio-QUMP): Initial results,PlioMIP
10.1002/2017GL074835,"in Plio are all set to modern. Different from the Ei400 simulation in PlioMIP Phase 2 (Haywood et al., 2016), which investigates both the",Geophysical Research Letters,Expanding Greenland Ice Sheet Enhances Sensitivity of Plio-Pleistocene Climate to Obliquity Forcing in the Kiel Climate Model,PlioMIP
10.1002/2016GL071805,"Otto-Bliesner, and M. A. Chandler (2011), Pliocene Model Intercomparison Project (PlioMIP): Experimental design and boundary conditions (Experiment 2),",Geophysical Research Letters,Amplified North Atlantic warming in the late Pliocene by changes in Arctic gateways,PlioMIP
10.1016/j.quascirev.2015.04.015,"Stepanek, C., Ueda, H., Yan, Q., Zhang, Z., 2015. Using results from the PlioMIP ensemble to investigate the Greenland Ice Sheet during the mid-Pliocene",Quaternary Science Reviews,The role of CO2 decline for the onset of Northern Hemisphere glaciation,PlioMIP
10.1002/wcc.58,"Rosenbloom N, Slazmann U, et al. Pliocene model intercomparison project (PlioMIP): experimental design and boundary conditions (experiment 1).",Wiley Interdisciplinary Reviews: Climate Change,Skill and uncertainty in climate models,PlioMIP
10.1111/geb.13103,"for Climate Research) in the Pliocene Model Intercomparison Project (PlioMIP; Haywood et al., 2016) and the Oscillayers dataset across three",Global Ecology and Biogeography,A critical evaluation of the Oscillayers methods and datasets,PlioMIP
10.1016/j.palaeo.2018.01.018,"D.J., Pound, M., Salzmann, U., 2016. Pliocene Model Intercomparison (PlioMIP) Phase 2: scientiﬁc objectives and experimental design. Clim.","Palaeogeography, Palaeoclimatology, Palaeoecology",The late Pliocene palaeoenvironments and palaeoclimates of the western Iberian Atlantic margin from the Rio Maior flora,PlioMIP
10.1016/j.gloplacha.2012.03.003,"intercomparison project aimed at resolving these issues is underway (PLISMIP/PlioMIP, http://geology.er. usgs.gov/eespteam/prism/prism_pliomip.html). These",Global and Planetary Change,Modeling Antarctic ice sheet and climate variations during Marine Isotope Stage 31,PlioMIP
10.1002/2017GL073535,"boundary conditions based on the Pliocene Model Intercomparison Project (PlioMIP) as described in Haywood et al. (2011), for which atmospheric",Geophysical Research Letters,The Transient Response of Ice Volume to Orbital Forcing During the Warm Late Pliocene,PlioMIP
10.1029/eost2012EO02,"Virginia, 2–4 August 2011  The Pliocene Model Intercomparison Project (PlioMIP), supported by the U.S. Geological Survey’s (USGS) Pliocene","Eos, Transactions American Geophysical Union","Eos, Transactions, American Geophysical Union Volume 93, Number 2, 10 January 2012",PlioMIP
10.1016/j.gloplacha.2018.02.009,"OttoBliesner, B., Chandler, M.A., 2011. Pliocene model intercomparison project (plioMIP): experimental design and boundary conditions (Experiment 2).",Global and Planetary Change,Multiple states in the late Eocene ocean circulation,PlioMIP
10.1111/geb.12979,"J., … Chandler, M. A. (2011). Pliocene model intercompar‐ ison project (PlioMIP): Experimental design and boundary conditions (Experiment 2).",Global Ecology and Biogeography,Oscillayers: A dataset for the study of climatic oscillations over Plio‐Pleistocene time‐scales at high spatial‐temporal resolution,PlioMIP
10.1016/j.palwor.2017.08.001,"Salzmann, U., Sohl, L.E., 2010. Pliocene Model Intercomparison Project (PlioMIP): experimental design and boundary conditions (Experiment 1).",Palaeoworld,"Miocene mammalian faunas from Wushan, China and their evolutionary, biochronological, and biogeographic significances",PlioMIP
10.1029/2019GL083729,"Otto‐Bliesner, B., et al. (2016). The Pliocene Model Intercomparison Project (PlioMIP) Phase 2: Scientiﬁc objectives and experimental design. Climate",Geophysical Research Letters,Vegetation Pattern and Terrestrial Carbon Variation in Past Warm and Cold Climates,PlioMIP
10.1002/2015GL065276,"doi:10.1002/2014GL062668. Dolan, A. M., et al. (2014), Using results from the PlioMIP ensemble to investigate the Greenland ice sheet during the warm",Geophysical Research Letters,Response of Atlantic overturning to future warming in a coupled atmosphere-ocean-ice sheet model,PlioMIP
10.1002/2015PA002780,"suggest and are in line with the results of the model simulations from the PlioMIP project [Haywood et al., 2013]. The Pliocene SST presents meridional",Paleoceanography,Impact of global SST gradients on the Mediterranean runoff changes across the Plio-Pleistocene transition,PlioMIP
10.1016/j.palaeo.2018.01.042,"Pound, M., Salzmann, U., 2016. The Pliocene Model Intercomparison Project (PlioMIP) phase 2: scientiﬁc objectives and experimental design. Clim.","Palaeogeography, Palaeoclimatology, Palaeoecology","High-diversity European palaeoflora favoured by early Pliocene warmth: New chronological constraints from the Ca′ Viettone section, NW Italy",PlioMIP
10.1016/j.geobios.2017.10.002,"Salzmann, U., Sohl, L.E., 2010. Pliocene Model Intercomparison Project (PlioMIP): experimental design and boundary conditions (Experiment 1).",Geobios,Miocene “fin-winged” fruits and Pliocene drift fruits – the first record of Combretaceae (Terminalia) from New Zealand,PlioMIP
10.1002/2017GL072584,"Pliocene Paleoclimate  Intercomparison Intercomparison  Model Project (PLIOMIP) [Haywood et al., 2011]. Project version 2 (PMIP2) [Braconnot",Geophysical Research Letters,Testing the sensitivity of past climates to the indirect effects of dust,PlioMIP
10.1029/2018JD028712,"al. (2013). Mid-Pliocene East Asian monsoon climate simulated in the PlioMIP. Climate of the Past, 9(5), 2085–2099. https://doi.org/10.5194/cp-9-2085-2013 Zheng,",Journal of Geophysical Research: Atmospheres,"Late Pliocene Monsoonal Rainfall Gradients in Western China Recorded by the Eolian Deposits From the Linxia Basin, NE Tibetan Plateau",PlioMIP
10.1016/j.epsl.2016.01.022,"than PI, slightly lower than the 1.8 to 3.6 K range calculated by the PlioMIP GCM ensemble (Haywood et al., 2013). Our simulation shows CO2",Earth and Planetary Science Letters,CO2 over the past 5 million years: Continuous simulation and new δ11B-based proxy data,PlioMIP
10.1016/j.earscirev.2014.04.003,"Dowsett et al., 2010) and the Pliocene Model Intercomparison Project (PlioMIP) (e.g. Haywood et al., 2013). Suggestions that the mid-Piacenzian",Earth-Science Reviews,A global synthesis of the marine and terrestrial evidence for glaciation during the Pliocene Epoch,PlioMIP
10.1016/j.palaeo.2018.06.027,"mid-Piacenzian also needs to be paid attention to in the second phase of PlioMIP (PlioMIP2). Taken together, the different magnitudes of tropical","Palaeogeography, Palaeoclimatology, Palaeoecology",Mid-Pliocene global land monsoon from PlioMIP1 simulations,PlioMIP
10.1002/2013GL058773,"Haywood, A. M., et al. (2010), Pliocene Model Intercomparison Project (PlioMIP): Experimental design and boundary conditions (Experiment 1),",Geophysical Research Letters,Strong chemistry-climate feedbacks in the Pliocene,PlioMIP
10.1029/2019RG000678,"There remains considerable uncertainty regarding all GHG concentrations. PlioMIP, the Pliocene Model Intercomparison Project, assumed a value",Reviews of Geophysics,An assessment of Earth's climate sensitivity using multiple lines of evidence,PlioMIP
10.1029/2019GL086046,"warming over Europe is ~2 °C, that is, consistent with the results of the PlioMip project. This overland warming, together reduced orographic",Geophysical Research Letters,Opportunities and Challenges for Paleoaltimetry in “Small” Orogens: Insights From the European Alps,PlioMIP
10.1016/j.palaeo.2011.04.003,"introduction of the PRISM3D orographic reconstruction (Sohl et al., 2009) in the PlioMIP experiments (Haywood et al., 2010) may remove many of these","Palaeogeography, Palaeoclimatology, Palaeoecology",Pliocene climate variability: Northern Annular Mode in models and tree-ring data,PlioMIP
10.1029/2019GL083960,"pollutants, we provide an alternative explanation to improvements of PlioMIP simulations between generations of ESMs. 2. Methods We carried",Geophysical Research Letters,Contributions of aerosol‐cloud interactions to mid‐Piacenzian seasonally sea ice‐free Arctic Ocean,PlioMIP
10.1016/j.epsl.2016.02.036,was seasonal in nature. The Pliocene Modelling Intercomparison Project (PlioMIP) has compared the output of the simulation of the mPWP by GCMs,Earth and Planetary Science Letters,"Sensitivity of Pliocene Arctic climate to orbital forcing, atmospheric CO2 and sea ice albedo parameterisation",PlioMIP
10.1016/j.gloplacha.2024.104531,"Z.S., Zhang, R., Tian, Z.P., Yan, Q., 2015. Mid-Pliocene westerlies from PlioMIP simulations. Adv. Atmos. Sci. 32, 909–923. Liu, J.J., Tian,",Global and Planetary Change,Temperature modulation of Northern Mid-Latitude Westerly winds intensity and displacement across the warm Pliocene,PlioMIP
10.1016/j.epsl.2017.05.019,"and Synoptic Mapping) and the Pliocene Model Inter-comparison Project (PlioMIP) (Haywood et al., 2016; Dowsett et al., 2016). However, both",Earth and Planetary Science Letters,Continental climate gradients in North America and Western Eurasia before and after the closure of the Central American Seaway,PlioMIP
10.1002/2013GC004940,"modeling studies in the frame of the Pliocene Model Intercomparison Project (PlioMIP, see Haywood et al. [2013a] for a synthesis of the results).","Geochemistry, Geophysics, Geosystems",The late Pliocene Benguela upwelling status revisited by means of multiple temperature proxies,PlioMIP
10.1016/j.palaeo.2011.02.001,"intercomparison projects with GCMs, such as PMIP2 (Braconnot et al., 2007) and PlioMIP (Haywood et al., 2009), have focused on steady-state experiments","Palaeogeography, Palaeoclimatology, Palaeoecology",Transient nature of the Earth's climate and the implications for the interpretation of benthic δ18O records,PlioMIP
10.1016/j.gloplacha.2023.104316,Howard Falcon-Lang Keywords: Climate modelling Palaeoclimate Pliocene PlioMIP  ABSTRACT The Pliocene Model Intercomparison Project (PlioMIP),Global and Planetary Change,Pliocene Model Intercomparison Project Phase 3 (PlioMIP3) – Science plan and experimental design,PlioMIP
10.1016/j.marmicro.2011.06.006,"Salzmann, U., Sohl, L.E., 2010. Pliocene Model Intercomparison Project (PlioMIP): experimental design and boundary conditions (Experiment 1).",Marine Micropaleontology,Shifts in North Atlantic planktic foraminifer biogeography and subtropical gyre circulation during the mid-Piacenzian warm period,PlioMIP
10.1029/2019MS002033,"(Haywood, et al., 2018). To this end, Pliocene Model Intercomparison Project (PlioMIP) (Haywood, Dowsett, & Dolan, 2015; Haywood et al., 2010) and",Journal of Advances in Modeling Earth Systems,Increased Climate Response and Earth System Sensitivity from CCSM4 to CESM2 in mid‐Pliocene simulations,PlioMIP
10.1002/2015JD023900,"spatial pattern of climate changes with NorESM is similar to the other PlioMIP models in global scale and regional scale (e.g., Greenland)",Journal of Geophysical Research: Atmospheres,Investigating uncertainty in the simulation of the Antarctic ice sheet during the mid-Piacenzian,PlioMIP
10.1017/pab.2014.19,"Otto-Bliesner, and M. A. Chandler. 2011. Pliocene Model Intercomparison Project (PlioMIP): experimental design and boundary conditions (Experiment 2).",Paleobiology,PaleoENM: applying ecological niche modeling to the fossil record,PlioMIP
10.1029/2018JD028995,AL.  Table 1 Basic Information on the General Circulation Models in the PlioMIP  Model  Type  Atmosphere resolution  Boundary Years for conditions,Journal of Geophysical Research: Atmospheres,Northwestward migration of the northern edge of the East Asian summer monsoon during the mid-Pliocene warm period: Simulations and reconstructions,PlioMIP
10.1016/j.earscirev.2017.11.018,"Pound, M., Salzmann, U., 2016. The Pliocene Model Intercomparison Project (PlioMIP) Phase 2: scientiﬁc objectives and experimental design. Clim.",Earth-Science Reviews,The relationship between Neogene dinoflagellate cysts and global climate dynamics,PlioMIP
10.1016/j.epsl.2014.05.030,"horizontal lines showing the modern orbital values.  Intercomparison Project (PlioMIP) coupled atmosphere–ocean simulation, which is described in",Earth and Planetary Science Letters,Assessing orbitally-forced interglacial climate variability during the mid-Pliocene Warm Period,PlioMIP
10.1016/j.palaeo.2011.03.030,"dependency of the ice sheet reconstructions. To this end, as part of PlioMIP (Pliocene Modelling Intercomparison Project), PLISMIP (Pliocene","Palaeogeography, Palaeoclimatology, Palaeoecology",Sensitivity of Pliocene ice sheets to orbital forcing,PlioMIP
10.1016/j.palaeo.2011.03.016,Intercomparison Project (PMIP) and Pliocene Model Intercomparison Project (PlioMIP) seek to understand model dependent biases and thereby better,"Palaeogeography, Palaeoclimatology, Palaeoecology",Sea surface temperatures of the mid-Piacenzian Warm Period: A comparison of PRISM3 and HadCM3,PlioMIP
10.1002/2016PA002951,"nine models that made up the Pliocene Model Intercomparison Project (PlioMIP) ensemble [Haywood et al., 2013]. He found that eight of the",Paleoceanography,Accounting for Centennial Scale Variability when Detecting Changes in ENSO: a study of the Pliocene.,PlioMIP
10.1002/2014GL059770,"the methods established for the Pliocene Model Intercomparison Project (PlioMIP) [Haywood et al., 2011b; Koenig et al., 2012]. PRISM3 includes",Geophysical Research Letters,Impact of reduced Arctic sea ice on Greenland ice sheet variability in a warmer than present climate,PlioMIP
10.1016/j.epsl.2016.04.024,"models that were used in the Pliocene Model Intercomparison Project (PlioMIP) (Haywood et al., 2013a). One reason for this data–model mismatch",Earth and Planetary Science Letters,Sea surface temperature variability in the Norwegian Sea during the late Pliocene linked to subpolar gyre strength and radiative forcing,PlioMIP
10.3133/ofr20181148,Mapping project (PRISM) and the Pliocene Model Intercomparison Project 2 (PlioMIP2). PRISM is funded by the U.S. Geological Survey Land Change,Open-File Report,PRISM marine sites—The history of PRISM sea surface temperature estimation,PlioMIP2
10.1016/j.epsl.2024.118878,boundary conditions from the Pliocene Model Intercomparison Project (PlioMIP2). Increasing surface salinity over the subarctic North Paciﬁc,Earth and Planetary Science Letters,Impacts of an active Pacific Meridional Overturning Circulation on the Pliocene climate and hydrological cycle,PlioMIP2
10.1016/j.epsl.2023.118020,"set up according to the Pliocene Modelling Intercomparison Project II (PlioMIP2) protocol, and the robustness of COSMOS for the warm Pliocene",Earth and Planetary Science Letters,Changes in deep Pacific circulation and carbon storage during the Pliocene-Pleistocene transition,PlioMIP2
10.1016/j.dynatmoce.2024.101455,INFO  Keywords: Indian Summer Climate change mid-Pliocene CMIP6 PMIP4 PlioMIP2  Monsoon  Rainfall  ABSTRACT The Indian Summer Monsoon Rainfall,Dynamics of Atmospheres and Oceans,Evaluating the climatic state of Indian Summer Monsoon during the mid-Pliocene period using CMIP6 model simulations,PlioMIP2
10.1016/j.gloplacha.2023.104352,"509, 47–57. Li, X., Guo, C., Zhang, Z., Ottera, O.H., Zhang, R., 2020. PlioMIP2 simulations with NorESM-L and NorESM1-F. Clim. Past 16, 183–197. Licht,",Global and Planetary Change,Influence of plate reference frames on deep-time climate simulations,PlioMIP2
10.1016/j.epsl.2017.03.006,"models to alter the land/sea mask. During the second phase of PlioMIP (PlioMIP2), two ocean gateway changes around the Arctic are highlighted",Earth and Planetary Science Letters,Amplified Late Pliocene terrestrial warmth in northern high latitudes from greater radiative forcing and closed Arctic Ocean gateways,PlioMIP2
10.1002/2016GL071805,"isostatic adjustment due to Piacenzian ice loading and will be used in PlioMIP2 (centered on an interglacial peak MIS KM5c: 3.205 Ma), closes",Geophysical Research Letters,Amplified North Atlantic warming in the late Pliocene by changes in Arctic gateways,PlioMIP2
10.1016/j.palaeo.2018.01.018,"the mid-Pliocene using the University of Toronto version of CCSM4 and PlioMIP2 boundary conditions. Clim. Past 13, 919–942. Corlett, R.T.,","Palaeogeography, Palaeoclimatology, Palaeoecology",The late Pliocene palaeoenvironments and palaeoclimates of the western Iberian Atlantic margin from the Rio Maior flora,PlioMIP2
10.1016/j.earscirev.2023.104464,"are based on the PRISM4 reconstruction (Dowsett et al., 2016) used in PlioMIP2 (Hay­ wood et al., 2020) with manual modifications including",Earth-Science Reviews,The role of paleogeography in Asian monsoon evolution: a review and new insights from climate modelling,PlioMIP2
10.1016/j.palaeo.2018.06.027,"mid-Piacenzian also needs to be paid attention to in the second phase of PlioMIP (PlioMIP2). Taken together, the different magnitudes of tropical warming","Palaeogeography, Palaeoclimatology, Palaeoecology",Mid-Pliocene global land monsoon from PlioMIP1 simulations,PlioMIP2
10.1016/j.gloplacha.2023.104316,"climate modelling and geosciences communities). In PlioMIP3, we retain the PlioMIP2 Core experiments (Eoi400, E280) and extend the Core requirements",Global and Planetary Change,Pliocene Model Intercomparison Project Phase 3 (PlioMIP3) – Science plan and experimental design,PlioMIP2
10.1029/2019MS002033,"Research Corresponding author: Ran Feng (ran.feng@uconn.edu) Key Points:  PlioMIP2 simulations are completed with Earth System Models: CCSM4,",Journal of Advances in Modeling Earth Systems,Increased Climate Response and Earth System Sensitivity from CCSM4 to CESM2 in mid‐Pliocene simulations,PlioMIP2
10.1016/j.gloplacha.2023.104351,"study. In these ex­ periments, there are one Pliocene control experiment (PlioMIP2 core experiment from NorESM-L group (Li et al., 2020), hereafter",Global and Planetary Change,Closure of tropical seaways favors the climate and vegetation in tropical Africa and South America approaching their present conditions,PlioMIP2
